{
  "transformer.h.0.attn.c_attn.weight": {
    "human_rank90": 51,
    "synthetic_rank90": 2,
    "human_explained_var": [
      0.04285297834006624,
      0.025951431515810083,
      0.024315924955680197,
      0.02010193864583842,
      0.018935561495372694,
      0.018145359020999435,
      0.017714878654908457,
      0.016918980578453507,
      0.01617934995508881,
      0.015670015495477717,
      0.015243381882761786,
      0.014895988709293609,
      0.01425854961079203,
      0.014046353538313636,
      0.013829434725607648,
      0.013500184879352777,
      0.013036756323828159,
      0.01293396363448236,
      0.012817073206667634,
      0.012475008215308163,
      0.012122927816496815,
      0.012028020551461292,
      0.0118262597408826,
      0.011730257925376507,
      0.011291078995210214,
      0.011209084327126322,
      0.01118119253711686,
      0.010983986147503939,
      0.010826565672053218,
      0.01051898194283515,
      0.010452305171969822,
      0.010386399987681767,
      0.01031360305746786,
      0.01002806528629748,
      0.009885781617331979,
      0.009836851793848045,
      0.00961548825763355,
      0.009614057585865508,
      0.00933463811381989,
      0.009250121776757313,
      0.009162274044997837,
      0.009065109477375176,
      0.008966392471532946,
      0.008856858998451124,
      0.008711819317651704,
      0.008635522262960646,
      0.008579796723583145,
      0.008551337748859309,
      0.00834719208468292,
      0.008289653512567581
    ],
    "synthetic_explained_var": [
      0.8670739892638758,
      0.03447325422706697,
      0.005790580684989922,
      0.004476107807870815,
      0.003327280459687006,
      0.002382038630606177,
      0.0021210296915081346,
      0.0019977417319884854,
      0.0018853811462471903,
      0.0018041465420842516,
      0.001731886830763564,
      0.0017006102230982824,
      0.0015863908008407123,
      0.0015628749504258397,
      0.0014987967284720784,
      0.0014541156727109353,
      0.0014341907453748709,
      0.001367784803992106,
      0.0013387615670601468,
      0.001306822747923232,
      0.0012735053630512096,
      0.0012224649107661315,
      0.0011986518815864787,
      0.0011795828160434817,
      0.0011680190702502292,
      0.0011366063867474334,
      0.0011261915965531072,
      0.0011007622609910041,
      0.0010867201972114833,
      0.001063208685010288,
      0.0010449345684952994,
      0.001022843064750975,
      0.0009824253791919986,
      0.0009745733054128765,
      0.0009607131359162656,
      0.0009485578575338298,
      0.000922222542163877,
      0.0009077026099323933,
      0.0008963352349024497,
      0.0008885608156559226,
      0.0008857646664750411,
      0.000868495696061371,
      0.000863743501017956,
      0.0008404712742588679,
      0.0008288386854618135,
      0.0008136456870849545,
      0.000803362278404357,
      0.0007999413944107383,
      0.0007856725022113084,
      0.0007696824055330554
    ],
    "subspace_similarity_top10": 0.13106971309402826,
    "human_internal_cosine_sim": 0.6081836122680463,
    "synthetic_internal_cosine_sim": 0.6912706409887438
  },
  "transformer.h.5.attn.c_attn.weight": {
    "human_rank90": 51,
    "synthetic_rank90": 30,
    "human_explained_var": [
      0.07594702549719659,
      0.05146352989830784,
      0.038308118071374804,
      0.0340667647730152,
      0.03000858433132287,
      0.02664902767771501,
      0.022914365830955127,
      0.02154611096254482,
      0.02076135147065712,
      0.019748866218693043,
      0.018197446753243973,
      0.018003620984990767,
      0.017113699981772278,
      0.016834748577954754,
      0.015881841243156107,
      0.015403432904424376,
      0.01467985484638756,
      0.014012339584041574,
      0.013572831773508692,
      0.012830199734806378,
      0.012571237819095693,
      0.011995337906670785,
      0.011646107109080431,
      0.011266048730099181,
      0.010898023086959346,
      0.010794302950651433,
      0.010578078590796479,
      0.010244328353754202,
      0.00994475530196748,
      0.00977267991282325,
      0.00953785592699299,
      0.009311786330623522,
      0.00915888389339668,
      0.008930387425204503,
      0.008688935291202035,
      0.008500402315435448,
      0.00846459679941364,
      0.008193562152921219,
      0.008054876309455436,
      0.007897839695511607,
      0.007652695197436945,
      0.0075062630411186935,
      0.007426640732117235,
      0.007310761316130024,
      0.0071425847545287125,
      0.007059315401457753,
      0.006903257990430418,
      0.006571379872957823,
      0.006438568334658144,
      0.006345614955456436
    ],
    "synthetic_explained_var": [
      0.7435480302567153,
      0.02227370350713649,
      0.017572355575186285,
      0.0121366898702944,
      0.009231480210732551,
      0.007815988635468372,
      0.005945327808018136,
      0.005918252641544105,
      0.005369768404619503,
      0.005007991118382432,
      0.004674909795119141,
      0.0044039323394235086,
      0.004179209263087221,
      0.0040540795015468496,
      0.0038350613225509272,
      0.0035557275275923486,
      0.00346648703189003,
      0.003336875430587241,
      0.0033112441392175247,
      0.0032199028525094113,
      0.003024602069439328,
      0.0029525828120625197,
      0.0029327023709958574,
      0.002827044192487172,
      0.002737969130340601,
      0.0026636205056891405,
      0.0026215201263887628,
      0.0025965202048408233,
      0.0025194052491097126,
      0.00245768203624735,
      0.0024346660465355183,
      0.002359383221073385,
      0.0023112864591542065,
      0.0022806004054010476,
      0.0022311744085888887,
      0.002186540434984222,
      0.002150675290639763,
      0.0020663126595851606,
      0.0020420580341857612,
      0.002012272695179135,
      0.0019429228013870686,
      0.0019281278778623982,
      0.0018853134334948767,
      0.001863953904489164,
      0.0017885650339139858,
      0.0017712000345201622,
      0.0017470890027292774,
      0.0017187054260922768,
      0.001656524338995852,
      0.0016091318934400958
    ],
    "subspace_similarity_top10": 0.31846461845530877,
    "human_internal_cosine_sim": 0.8117471418059049,
    "synthetic_internal_cosine_sim": 0.7261743284702461
  },
  "transformer.h.11.attn.c_attn.weight": {
    "human_rank90": 51,
    "synthetic_rank90": 1,
    "human_explained_var": [
      0.03252176667686661,
      0.02176187675835595,
      0.02011948661601968,
      0.01845125483195543,
      0.017241715888793287,
      0.01682098719552412,
      0.016160778246395644,
      0.015795041876315807,
      0.015368635356708791,
      0.014736105632225716,
      0.014623763681212081,
      0.014386461729780536,
      0.014060779153761752,
      0.013884545895078726,
      0.013572277303483642,
      0.0133189974162002,
      0.013021120082758332,
      0.012958445133871808,
      0.012814688648286113,
      0.012578841132743736,
      0.012438808957055923,
      0.012305195997396184,
      0.01194070606312137,
      0.011860074156307956,
      0.0117452101284472,
      0.011625639820322655,
      0.011474949845681245,
      0.011393182039902312,
      0.011211279091899902,
      0.01103364564514307,
      0.010902678128313284,
      0.010830699892060827,
      0.010681656249903918,
      0.010594160125775446,
      0.0103958296992239,
      0.010318906805320611,
      0.010209836030183871,
      0.010044337692165794,
      0.009919926543726098,
      0.009846518742090799,
      0.009666812993382658,
      0.009560678299193503,
      0.009472492084638113,
      0.009368232031443841,
      0.009323976612914921,
      0.009279067699146921,
      0.009132342271008969,
      0.009068087642996594,
      0.008874109003378693,
      0.008752947260046908
    ],